{
  "loss": [
    1.1041343758220916,
    0.7035363446814679,
    0.6402714126309562,
    0.6189670297557907,
    0.6291804396902504,
    0.6461234557465548,
    0.6705476823608614,
    0.6928588878188617,
    0.7080375915422003,
    0.7181820297434834,
    0.7260209757531688,
    0.7186898140979763,
    0.7169648480900563,
    0.7123799682736843,
    0.7113624392211781,
    0.7075169733795064,
    0.7041212033032708,
    0.6988462606092256,
    0.6945415208739276,
    0.68653345560081,
    0.6820259186366321,
    0.6755803954111902,
    0.6674577636364244,
    0.6601828627372164,
    0.6526237130578445,
    0.6452271927235406,
    0.6357767428291622,
    0.626867841854364,
    0.617943441617157,
    0.6099952769644453,
    0.5993050386042866,
    0.5886338356084617,
    0.5808503271422742,
    0.5710328918835132,
    0.5589576818609916,
    0.5499657090377613,
    0.5419300494475624,
    0.5319501181245059,
    0.5222107528530657,
    0.5134043053420166,
    0.5034526243374521,
    0.4958851612481295,
    0.4875760995343119,
    0.48021398647901165,
    0.47255763068838674,
    0.46552331634730315,
    0.46042357302105297,
    0.4545384349799318,
    0.4525409406956032,
    0.4513700867737636
  ],
  "accuracy": [
    0.6732790587048595,
    0.7702870766779571,
    0.7868459964581077,
    0.7931875884756682,
    0.7900239564885977,
    0.7861209974610707,
    0.7789956614684526,
    0.7732601456875455,
    0.768702395075738,
    0.7665016076064717,
    0.7641933598115576,
    0.7660187525432277,
    0.7668340182138088,
    0.7674157367766488,
    0.7677796690795092,
    0.768612128402194,
    0.7706223528939782,
    0.7713358894562794,
    0.7727758578199595,
    0.775264638961962,
    0.7763621670879112,
    0.7777605841256742,
    0.7802092467461014,
    0.7820403706951393,
    0.7842698142512451,
    0.7860278651788426,
    0.7890826040359232,
    0.791359330135314,
    0.79406159912427,
    0.7962279992893291,
    0.7994030937111352,
    0.8019907383527335,
    0.804324776625803,
    0.8071946837227696,
    0.8108512004034777,
    0.8128327688084226,
    0.8154562335585702,
    0.818692938567081,
    0.8205426889725647,
    0.8236447103729303,
    0.8265704968392337,
    0.8289890705684795,
    0.8312156485159012,
    0.8335367915498931,
    0.8359625293008488,
    0.8379498289231616,
    0.8397351031332565,
    0.8413813953221804,
    0.8417682524945124,
    0.8418714144071342
  ],
  "val_loss": [
    0.46074296199934056,
    0.41852916621785147,
    0.418217475289167,
    0.4084411906261723,
    0.42010078445173915,
    0.430239638048721,
    0.43768410423610693,
    0.4572460427168683,
    0.4755872446486191,
    0.4913892736353812,
    0.4711120930880606,
    0.45782252758305575,
    0.4487399138318651,
    0.4519426970501836,
    0.4593043600787444,
    0.45092764436159993,
    0.4697906627785939,
    0.44718737446072926,
    0.44843056508651014,
    0.4529323341062013,
    0.44359285906027035,
    0.43769075567159105,
    0.4296805457674582,
    0.43664222360287547,
    0.4280456249840544,
    0.43205304066846045,
    0.4376910773223845,
    0.4201765070186146,
    0.4143252320245668,
    0.41699536523260816,
    0.4188996834634754,
    0.41447953528053444,
    0.4123226559843743,
    0.40357076199505654,
    0.3911770102694351,
    0.3890154621358593,
    0.38629434943582436,
    0.38648150657312735,
    0.37711678179771796,
    0.3724687449335534,
    0.36942681980835257,
    0.36763999567078753,
    0.363910562883845,
    0.3615015716411843,
    0.3596514374796317,
    0.35473185875841245,
    0.35236832748149277,
    0.3534958374600399,
    0.35102881158952765,
    0.351127425952974
  ],
  "val_accuracy": [
    0.8346414724517077,
    0.8466081514403858,
    0.8483532921262347,
    0.849737369221908,
    0.8490066452894096,
    0.8444417698993321,
    0.8430404992993648,
    0.8379942057890529,
    0.8311941748407452,
    0.8239471127807915,
    0.834031103049268,
    0.8387851069865805,
    0.8396275886969903,
    0.8401433938258126,
    0.8381231570712585,
    0.8387765102344334,
    0.8238869355157622,
    0.8419143247681026,
    0.8401605873301067,
    0.8367562734798794,
    0.8372634818565546,
    0.8414415034000154,
    0.8462986683630924,
    0.8436594654539515,
    0.8448544140023899,
    0.8452498646011537,
    0.842232404597543,
    0.8496857887090258,
    0.8483618888783817,
    0.8479148577667357,
    0.8475537941765601,
    0.848430662895558,
    0.8487401459728514,
    0.852840796746989,
    0.8577925259836834,
    0.8571133825640673,
    0.8570016247861558,
    0.8580160415395064,
    0.860809985987294,
    0.8625035461602607,
    0.8635523499221994,
    0.8635953336829346,
    0.8654178451381068,
    0.8656499574460769,
    0.8666127936865452,
    0.8680484512951007,
    0.8684868856545996,
    0.8685040791588937,
    0.869656043946597,
    0.869664640698744
  ]
}