{
  "loss": [
    0.5227456927133137,
    0.37005741590923596,
    0.3370524331000092,
    0.31694430457042133,
    0.301219466850887,
    0.2893573125061171,
    0.27946079794704803,
    0.27042257250549917,
    0.2633934167873515,
    0.2572645548792514,
    0.2514025597688699,
    0.24639196338984473,
    0.24154148621449228,
    0.2244209217610189,
    0.21767565238533737,
    0.2135139363910398,
    0.2103018790953526,
    0.2070350932288093,
    0.20403349876740634,
    0.19438724739383556,
    0.19094523039037153,
    0.1883953658137165,
    0.18625881858595547,
    0.18428954006945672,
    0.18253457089035627,
    0.1772444258389605,
    0.17593357312828264,
    0.174399364559907,
    0.17307746609415833,
    0.17185742393395048,
    0.17100261175549397,
    0.16825820033586253,
    0.16676006702341756,
    0.16647630416639417,
    0.16541555292817822,
    0.16510696356762614,
    0.16459657862026417,
    0.16290207166799323,
    0.16251634041928958,
    0.16184896219544156,
    0.16156646177147638,
    0.161597770155694,
    0.16135064618163136,
    0.16009978980221726,
    0.16062027119077846,
    0.1599656137257452,
    0.16013801903516237,
    0.15924842953181492,
    0.15947859374238565,
    0.15876660159799502
  ],
  "accuracy": [
    0.8305637225403047,
    0.8738530401242528,
    0.8834012482591427,
    0.8890479301708476,
    0.8938721823902616,
    0.8967091349873627,
    0.8992280050205465,
    0.9015505808588802,
    0.9032986021560839,
    0.9051239948877541,
    0.9064350108606569,
    0.9077231019640882,
    0.9088779422637162,
    0.9142266008722912,
    0.9162124676902621,
    0.9175019915980354,
    0.9180636509000877,
    0.9190293610265756,
    0.9196526309153328,
    0.9228563814239783,
    0.9241401741143837,
    0.9248379498289232,
    0.9254139371743952,
    0.926047236693546,
    0.9265214949307382,
    0.9285474802702842,
    0.9290102760727406,
    0.9295862634182127,
    0.9301679819810525,
    0.9304975269797058,
    0.930678060326794,
    0.931784185278795,
    0.9321982657336245,
    0.9323114572766401,
    0.9328072075789619,
    0.9328731165786924,
    0.932705478470682,
    0.9336038467930973,
    0.9337600224663721,
    0.9339749431176676,
    0.9343016225076368,
    0.9342600711817197,
    0.9343976203985489,
    0.9347300310058859,
    0.9346469283540517,
    0.9347701495274612,
    0.9349349220267877,
    0.9346870468756269,
    0.9349119971573162,
    0.9352286469168917
  ],
  "val_loss": [
    0.3022030872056285,
    0.2780155947019163,
    0.2675026880249859,
    0.26197621033479407,
    0.2571473638380539,
    0.25584598833560435,
    0.2498207246684721,
    0.25242363261754597,
    0.2524719905922395,
    0.2537761569394883,
    0.2530711599484519,
    0.2578718164538609,
    0.2516387511564609,
    0.25212566634930106,
    0.2534099392665348,
    0.2581245811887677,
    0.26009382180042745,
    0.2598983025843785,
    0.26239934081385535,
    0.2622491504641245,
    0.26591903770262937,
    0.2673078498993398,
    0.2703749562656572,
    0.27111020125130053,
    0.271227384005731,
    0.2746149119641327,
    0.27854357792363454,
    0.2788583594971112,
    0.2794357106591366,
    0.2793013105026762,
    0.2826322418258337,
    0.28280220318516747,
    0.28455973519297917,
    0.28418215672270053,
    0.28494537505875045,
    0.28688096470562907,
    0.2875033728415515,
    0.28863969892187835,
    0.28963916673765056,
    0.28919366670363195,
    0.2909495033581313,
    0.2893707131181029,
    0.29161465905198297,
    0.2922749289212358,
    0.29169325563797005,
    0.29288296793875873,
    0.29242967902975076,
    0.29268780065953715,
    0.2926431274074183,
    0.29384039988099475
  ],
  "val_accuracy": [
    0.8900561367915202,
    0.8981886643226189,
    0.902177557318845,
    0.9027965234734318,
    0.9057538062120131,
    0.9056076614255134,
    0.9069315612561574,
    0.9071808670684216,
    0.9080835260438607,
    0.9079029942487729,
    0.9085649441640948,
    0.9075591241628913,
    0.9090807492929172,
    0.9102928913456496,
    0.9106711484401193,
    0.9099576180119151,
    0.9100349887812385,
    0.910163940063444,
    0.9101123595505618,
    0.9105250036536197,
    0.9103444718585318,
    0.9108430834830601,
    0.9102756978413555,
    0.9101725368155911,
    0.910155343311297,
    0.9102413108327674,
    0.9103272783542378,
    0.9100607790376796,
    0.9100521822855325,
    0.9097684894646803,
    0.9100349887812385,
    0.9102155205763263,
    0.9100607790376796,
    0.909931827755474,
    0.9098544569861506,
    0.9100091985247973,
    0.9099834082683562,
    0.9098802472425918,
    0.9100177952769444,
    0.9097255057039451,
    0.9098458602340036,
    0.9094246193787987,
    0.9098200699775625,
    0.909923231003327,
    0.9098974407468858,
    0.9100951660462677,
    0.9099576180119151,
    0.909940424507621,
    0.9100607790376796,
    0.9101123595505618
  ]
}