{
  "loss": [
    0.6879737254915789,
    0.5012956220894755,
    0.4650634314976131,
    0.4420638551057271,
    0.4274039968470667,
    0.41332929551184305,
    0.4041253792299354,
    0.3949257628952114,
    0.3868774613984,
    0.3799289933521168,
    0.37391083083236504,
    0.367076826672863,
    0.36081916107558903,
    0.35538212986366097,
    0.35037865717227407,
    0.34625079925478275,
    0.3263479457971095,
    0.3205220486781107,
    0.3166992475724734,
    0.312106612828534,
    0.3098665366206514,
    0.3066234556365081,
    0.3035520888665538,
    0.30095927459005606,
    0.2897697462388607,
    0.285856595338028,
    0.28340375808029833,
    0.28178577732936827,
    0.27952094133264266,
    0.27817790265647185,
    0.27200736178844886,
    0.2702421994177807,
    0.2682508589667209,
    0.267542493595169,
    0.26642869191324065,
    0.2642319529583704,
    0.2616541133279794,
    0.2609437136195119,
    0.2605886839255342,
    0.2590669967388242,
    0.25946307351373404,
    0.2580114627103704,
    0.256662039740774,
    0.2559476319185955,
    0.2559439880699243,
    0.25537395288488635,
    0.25562231310525513,
    0.25439842310206445,
    0.25383614936151944,
    0.2537750489429266
  ],
  "accuracy": [
    0.7836537083841979,
    0.8288758790254638,
    0.8403769994784592,
    0.8463761512582888,
    0.8506960563493292,
    0.8544958534642343,
    0.8568986663457185,
    0.8594189691832442,
    0.8617386794128941,
    0.8632345271459111,
    0.8650269653777158,
    0.8665070522629712,
    0.8680530481479571,
    0.8695087773593989,
    0.8704071456818143,
    0.8717396537198466,
    0.8779752182161012,
    0.8793105918628176,
    0.8803321813586424,
    0.8819225941782294,
    0.8823681963285821,
    0.8834556948241375,
    0.8842852885381384,
    0.8847681436013823,
    0.8887069227374587,
    0.8896611704292109,
    0.8905452107082066,
    0.8909850816411914,
    0.8918175409638761,
    0.8921857716797625,
    0.8945083475180963,
    0.8946602247783452,
    0.895683247078512,
    0.8961073571637351,
    0.8958695116429681,
    0.8971647667681092,
    0.8976920387659543,
    0.8981519689597267,
    0.898189221872618,
    0.8987566123920382,
    0.8987594780007221,
    0.8992781531725154,
    0.8994558209109197,
    0.8997624410401013,
    0.8996936664316868,
    0.9000962844517804,
    0.9001607606471691,
    0.900547617819501,
    0.9008442083182889,
    0.9003685172767547
  ],
  "val_loss": [
    0.4120309716024828,
    0.38405833179207133,
    0.3722795370097059,
    0.3582897647152947,
    0.3558007119857883,
    0.35011790402771437,
    0.3514551253496612,
    0.3467160233229369,
    0.34551529536240244,
    0.34159483555472653,
    0.343777184976844,
    0.34197552513748497,
    0.34265094109906746,
    0.3467443356993241,
    0.34483700858373556,
    0.3448914084711783,
    0.3418765765992651,
    0.34073608220440854,
    0.3434732507841255,
    0.34326953145969924,
    0.34506276422950805,
    0.3460564505739512,
    0.34811334245618314,
    0.3503458232798699,
    0.3512127267991853,
    0.3522954073882227,
    0.3546398703943423,
    0.3550995420164152,
    0.3567817466803465,
    0.3560592361226823,
    0.3598517472378048,
    0.3590857064905463,
    0.35987196373644165,
    0.36326043695941845,
    0.3633714439833612,
    0.36574552030668417,
    0.3646559377505535,
    0.3665330178644505,
    0.3678820264439059,
    0.36786488507875215,
    0.3677838127689088,
    0.3692325648250968,
    0.37019699360787245,
    0.3709847606347622,
    0.37122369674146705,
    0.37086869108647497,
    0.3714240421746518,
    0.37148797265535743,
    0.372180801703243,
    0.37230171021400554
  ],
  "val_accuracy": [
    0.8518693637543736,
    0.8595290699173852,
    0.8634405921442879,
    0.868761981723305,
    0.8696044634337148,
    0.8705157191613009,
    0.8694755121515092,
    0.872759471471678,
    0.8731291318140006,
    0.87388564600294,
    0.8731377285661477,
    0.8739716135244104,
    0.8744788219010857,
    0.8732666798483533,
    0.8743498706188801,
    0.8740145972851456,
    0.876284139851964,
    0.8768859125022567,
    0.8762067690826406,
    0.8768171384850804,
    0.876284139851964,
    0.8764130911341695,
    0.8767569612200511,
    0.8760864145525821,
    0.877186798827403,
    0.8771180248102267,
    0.8769374930151389,
    0.8766280099378455,
    0.8766623969464337,
    0.8760864145525821,
    0.8765592359206692,
    0.8768687189979626,
    0.8761465918176113,
    0.8762067690826406,
    0.8764302846384636,
    0.8759574632703765,
    0.8764646716470518,
    0.8764302846384636,
    0.8764560748949047,
    0.8760434307918469,
    0.8762239625869347,
    0.8757253509624064,
    0.8761465918176113,
    0.8759832535268176,
    0.8761293983133173,
    0.8763787041255814,
    0.876284139851964,
    0.8760950113047291,
    0.8761637853219054,
    0.8757597379709946
  ]
}