{
  "loss": [
    2.277280297252927,
    1.9020368820639886,
    1.7564431603902457,
    1.681460458011073,
    1.7008596179136024,
    1.7314644783932753,
    1.7605007494784553,
    1.7960126267965932,
    1.8202796878825718,
    1.8422735607418792,
    1.853257444908919,
    1.8590745490790166,
    1.8594139839336905,
    1.8552380468499887,
    1.8529500977594124,
    1.8498133677997832,
    1.851213329647646,
    1.8479058238345463,
    1.845488532859236,
    1.8475447669110423,
    1.8404012441814495,
    1.8397073817918763,
    1.835311849460349,
    1.8314874170584952,
    1.8255211771067221,
    1.8208355446397666,
    1.8183134195651163,
    1.813627187033851,
    1.8056135420922457,
    1.8040723158719627,
    1.795972960653903,
    1.7918228721603155,
    1.7836203917320477,
    1.7771353455421857,
    1.7687977068845668,
    1.7630905817748816,
    1.7546107076397992,
    1.747369746217931,
    1.736248919759177,
    1.7260764866648886,
    1.714147779631434,
    1.704440480527587,
    1.6948556057038238,
    1.6809430532753846,
    1.6710794866442702,
    1.65980933937959,
    1.6484570029867291,
    1.6384177295269016,
    1.6292253947434059,
    1.6199580774673035,
    1.611150838599306,
    1.6013981353553806,
    1.591935998476548,
    1.5804590214033252,
    1.5740089701299869,
    1.5639175428529986,
    1.5537149583079368,
    1.5433532698227614,
    1.5344582096782797,
    1.5261078059030833,
    1.513923465095774,
    1.5062089082072743,
    1.4964159964704418,
    1.4876579924670408,
    1.479193335384963,
    1.4702289879261428,
    1.4626682847665264,
    1.4528444969940417,
    1.4458680397774433,
    1.4400470893820398,
    1.4334456572517185,
    1.4277650963847783,
    1.4256968500062348,
    1.422885072294787,
    1.42151422171961
  ],
  "accuracy": [
    0.6001937926178254,
    0.7114211258027047,
    0.7528746908044801,
    0.7705134300691515,
    0.7619949806508303,
    0.7505443646671521,
    0.7403431694120621,
    0.727290454208971,
    0.7195856930493449,
    0.712675361254717,
    0.7087513616639685,
    0.7072359274661916,
    0.7068302870177001,
    0.708262667236409,
    0.7093411652834367,
    0.7099405983497535,
    0.7093327395174444,
    0.7105171614798053,
    0.7109950227796602,
    0.7107025283316382,
    0.7134216433854728,
    0.7128149882340197,
    0.7142473684527284,
    0.7147781917102499,
    0.7182086821500148,
    0.7188020968120512,
    0.7197746709437459,
    0.721628339462075,
    0.7245304140060305,
    0.7252080863279909,
    0.7272796210812665,
    0.7285543191078317,
    0.7313432476513178,
    0.7337554240868576,
    0.7350204926665744,
    0.7374832236980687,
    0.7403407620503499,
    0.7424712771655724,
    0.7459535258821476,
    0.7486991219148155,
    0.7525484932924884,
    0.7557912095187083,
    0.75841041906149,
    0.7619323892463152,
    0.7652882514730045,
    0.7690991050632835,
    0.7720421047563449,
    0.7740775290839387,
    0.7779521777595888,
    0.7799888057680386,
    0.7832977244413416,
    0.786157670155335,
    0.7889550244648134,
    0.7923337566277677,
    0.7948205612763832,
    0.798210126567042,
    0.8011422931323989,
    0.8042814928049977,
    0.8071763452638168,
    0.8091648260380243,
    0.8137159433547789,
    0.8155635934688277,
    0.8186438127794796,
    0.8207562726818611,
    0.823752234332589,
    0.8262318168960682,
    0.8284598301606312,
    0.8317266200039721,
    0.8335056603092256,
    0.8349982245707374,
    0.8375464169430117,
    0.8386333407560319,
    0.8392038854818034,
    0.8400946093152861,
    0.8400765541024453
  ],
  "val_loss": [
    0.6237514326015723,
    0.5722393566231534,
    0.5679531906393486,
    0.6111842609009734,
    0.6023664485350234,
    0.5880245543231578,
    0.6136785140177806,
    0.5785804655877479,
    0.6172337084451727,
    0.6402361041870321,
    0.6447077182940012,
    0.618155674076431,
    0.6506075396590382,
    0.6169472032969718,
    0.6127427061070732,
    0.6690149445233289,
    0.6037402502709003,
    0.6139589450238999,
    0.6309059739873977,
    0.6191246293743936,
    0.5943912319497043,
    0.6146647320854889,
    0.6101120328173956,
    0.6109773424977585,
    0.6143551325909613,
    0.6094769564289404,
    0.6129237454283821,
    0.5859726542576129,
    0.6033157774235679,
    0.6212781228884474,
    0.616129244953897,
    0.5895522084898441,
    0.6076020493655625,
    0.6506747339012111,
    0.5817267678020273,
    0.5940119295851076,
    0.6033797357501981,
    0.5599050587749433,
    0.5649328211129718,
    0.5702007385211187,
    0.544589469002458,
    0.5612753044632433,
    0.5518635594806961,
    0.5446640249165766,
    0.5444690980553408,
    0.5361045425216748,
    0.559035259663172,
    0.5342957736707423,
    0.5130582944079225,
    0.5193052097086561,
    0.5122964682456305,
    0.5076275352817623,
    0.5169688771170715,
    0.5031771766145194,
    0.5097104028553224,
    0.5388962519579302,
    0.501128050099841,
    0.48099339713046885,
    0.4954382910952408,
    0.476403879786781,
    0.46732597281576976,
    0.4782975004274431,
    0.4850238154549354,
    0.46718234841747464,
    0.4615949856894243,
    0.4618191595701555,
    0.45087988364343834,
    0.4553144225154895,
    0.4532661726220523,
    0.44915598875400753,
    0.4512233902099797,
    0.4486492112626126,
    0.4464643486654322,
    0.44532860217555875,
    0.4465741061080405
  ],
  "val_accuracy": [
    0.8325254888851746,
    0.8441049640648504,
    0.85216112318235,
    0.8506769179341468,
    0.8445328430553234,
    0.8421795086077218,
    0.8315560755473843,
    0.8341434063179007,
    0.8282934982450276,
    0.8135651011198396,
    0.8190539862945011,
    0.8209593849239512,
    0.8173090422864784,
    0.8238809961557747,
    0.8272037439411667,
    0.808550894200234,
    0.8304796924619756,
    0.8290289152599031,
    0.8296239344810296,
    0.8285609226140732,
    0.8318702991810129,
    0.8306334614741768,
    0.8257730235667725,
    0.8251646331271937,
    0.8284272104295504,
    0.8288283469831188,
    0.8251245194718368,
    0.8351663045295002,
    0.8282600701988969,
    0.8317900718702992,
    0.8302323249206084,
    0.8343105465485542,
    0.8335684439244526,
    0.8249306368042788,
    0.8372321577803777,
    0.8377937489553735,
    0.8293364532843055,
    0.8423399632291493,
    0.8391843556744109,
    0.8333946180845729,
    0.8412502089252883,
    0.841424034765168,
    0.8488383753969581,
    0.8483436403142236,
    0.8447400969413338,
    0.8498144743439746,
    0.8489520307538024,
    0.8507170315895036,
    0.8521878656192545,
    0.8556443255891694,
    0.8529165970249039,
    0.8553568443924453,
    0.8584656526826007,
    0.8589336453284305,
    0.858338626107304,
    0.8542403476516798,
    0.861139896373057,
    0.862945010864115,
    0.8635199732575631,
    0.8645696139060672,
    0.8664415844893866,
    0.865559084071536,
    0.8670967741935484,
    0.8693097108474009,
    0.8684940665218118,
    0.8705398629450108,
    0.8719438408825004,
    0.8716764165134548,
    0.872919939829517,
    0.8739829516964733,
    0.8741835199732576,
    0.8744643155607554,
    0.8748654521143239,
    0.8749189369881331,
    0.8752732742771185
  ],